name,district,state,description,focus_areas,lat,lon,capability_score
NGO_1,Warangal,Telangana,"NGO working on telemedicine services, maternal health across rural and semi-urban communities.","Telemedicine Services, Maternal Health",18.28904,80.022541,100.0
NGO_2,Visakhapatnam,Andhra Pradesh,"NGO working on maternal health, neonatal care across rural and semi-urban communities.","Maternal Health, Neonatal Care",16.343034,79.156465,100.0
NGO_3,Warangal,Telangana,"NGO working on community midwife training, high-risk pregnancy support across rural and semi-urban communities.","Community Midwife Training, High-Risk Pregnancy Support",18.462003,78.528947,100.0
NGO_4,Guntur,Andhra Pradesh,"NGO working on community midwife training, rural health outreach across rural and semi-urban communities.","Community Midwife Training, Rural Health Outreach",15.689421,78.641562,100.0
NGO_5,Karimnagar,Telangana,"NGO working on rural health outreach, telemedicine services across rural and semi-urban communities.","Rural Health Outreach, Telemedicine Services",17.446829,79.981045,1.0
NGO_6,Nellore,Andhra Pradesh,"NGO working on immunization programs, breastfeeding & nutrition across rural and semi-urban communities.","Immunization Programs, Breastfeeding & Nutrition",16.088143,81.121111,0.0
NGO_7,Warangal,Telangana,"NGO working on neonatal care, community midwife training across rural and semi-urban communities.","Neonatal Care, Community Midwife Training",16.486382,80.165315,100.0
NGO_8,Kurnool,Andhra Pradesh,"NGO working on telemedicine services, neonatal care across rural and semi-urban communities.","Telemedicine Services, Neonatal Care",15.91792,79.798077,100.0
NGO_9,Warangal,Telangana,"NGO working on high-risk pregnancy support, rural health outreach across rural and semi-urban communities.","High-Risk Pregnancy Support, Rural Health Outreach",15.931961,80.580532,100.0
NGO_10,Visakhapatnam,Andhra Pradesh,"NGO working on immunization programs, high-risk pregnancy support across rural and semi-urban communities.","Immunization Programs, High-Risk Pregnancy Support",18.142666,78.20098,100.0
NGO_11,Karimnagar,Telangana,"NGO working on telemedicine services, maternal health across rural and semi-urban communities.","Telemedicine Services, Maternal Health",18.188403,80.419484,100.0
NGO_12,Nellore,Andhra Pradesh,"NGO working on high-risk pregnancy support, telemedicine services across rural and semi-urban communities.","High-Risk Pregnancy Support, Telemedicine Services",15.025994,81.592438,100.0
NGO_13,Khammam,Telangana,"NGO working on telemedicine services, immunization programs across rural and semi-urban communities.","Telemedicine Services, Immunization Programs",16.574641,81.766486,0.0
NGO_14,Nellore,Andhra Pradesh,"NGO working on rural health outreach, immunization programs across rural and semi-urban communities.","Rural Health Outreach, Immunization Programs",15.754851,80.700768,0.0
NGO_15,Warangal,Telangana,"NGO working on high-risk pregnancy support, telemedicine services across rural and semi-urban communities.","High-Risk Pregnancy Support, Telemedicine Services",17.814283,81.383097,100.0
NGO_16,Guntur,Andhra Pradesh,"NGO working on telemedicine services, maternal health across rural and semi-urban communities.","Telemedicine Services, Maternal Health",15.623377,81.970038,100.0
NGO_17,Hyderabad,Telangana,"NGO working on breastfeeding & nutrition, community midwife training across rural and semi-urban communities.","Breastfeeding & Nutrition, Community Midwife Training",17.464089,79.537963,100.0
NGO_18,Nellore,Andhra Pradesh,"NGO working on neonatal care, high-risk pregnancy support across rural and semi-urban communities.","Neonatal Care, High-Risk Pregnancy Support",17.986473,78.677207,100.0
NGO_19,Nizamabad,Telangana,"NGO working on breastfeeding & nutrition, high-risk pregnancy support across rural and semi-urban communities.","Breastfeeding & Nutrition, High-Risk Pregnancy Support",17.17777,79.793819,100.0
NGO_20,Visakhapatnam,Andhra Pradesh,"NGO working on telemedicine services, neonatal care across rural and semi-urban communities.","Telemedicine Services, Neonatal Care",16.69254,81.7087,100.0
NGO_21,Warangal,Telangana,"NGO working on neonatal care, maternal health across rural and semi-urban communities.","Neonatal Care, Maternal Health",16.938247,79.553066,100.0
NGO_22,Eluru,Andhra Pradesh,"NGO working on immunization programs, community midwife training across rural and semi-urban communities.","Immunization Programs, Community Midwife Training",15.569251,78.038702,100.0
NGO_23,Hyderabad,Telangana,"NGO working on high-risk pregnancy support, maternal health across rural and semi-urban communities.","High-Risk Pregnancy Support, Maternal Health",16.180726,78.365633,99.0
NGO_24,Visakhapatnam,Andhra Pradesh,"NGO working on rural health outreach, maternal health across rural and semi-urban communities.","Rural Health Outreach, Maternal Health",16.361767,78.853176,100.0
NGO_25,Hyderabad,Telangana,"NGO working on community midwife training, high-risk pregnancy support across rural and semi-urban communities.","Community Midwife Training, High-Risk Pregnancy Support",18.040177,78.6381,100.0
NGO_26,Visakhapatnam,Andhra Pradesh,"NGO working on high-risk pregnancy support, rural health outreach across rural and semi-urban communities.","High-Risk Pregnancy Support, Rural Health Outreach",18.443933,81.425728,100.0
NGO_27,Hyderabad,Telangana,"NGO working on neonatal care, maternal health across rural and semi-urban communities.","Neonatal Care, Maternal Health",18.068572,81.295691,100.0
NGO_28,Visakhapatnam,Andhra Pradesh,"NGO working on immunization programs, neonatal care across rural and semi-urban communities.","Immunization Programs, Neonatal Care",16.474003,81.919093,100.0
NGO_29,Nizamabad,Telangana,"NGO working on rural health outreach, breastfeeding & nutrition across rural and semi-urban communities.","Rural Health Outreach, Breastfeeding & Nutrition",15.466585,81.211411,0.0
NGO_30,Visakhapatnam,Andhra Pradesh,"NGO working on telemedicine services, high-risk pregnancy support across rural and semi-urban communities.","Telemedicine Services, High-Risk Pregnancy Support",15.461036,81.472887,99.0
NGO_31,Khammam,Telangana,"NGO working on rural health outreach, neonatal care across rural and semi-urban communities.","Rural Health Outreach, Neonatal Care",17.826594,79.427035,100.0
NGO_32,Eluru,Andhra Pradesh,"NGO working on community midwife training, rural health outreach across rural and semi-urban communities.","Community Midwife Training, Rural Health Outreach",17.913991,81.564312,100.0
NGO_33,Hyderabad,Telangana,"NGO working on maternal health, community midwife training across rural and semi-urban communities.","Maternal Health, Community Midwife Training",15.257223,78.842356,100.0
NGO_34,Nellore,Andhra Pradesh,"NGO working on maternal health, breastfeeding & nutrition across rural and semi-urban communities.","Maternal Health, Breastfeeding & Nutrition",16.645317,78.012719,100.0
NGO_35,Khammam,Telangana,"NGO working on high-risk pregnancy support, community midwife training across rural and semi-urban communities.","High-Risk Pregnancy Support, Community Midwife Training",18.466254,81.700882,100.0
NGO_36,Guntur,Andhra Pradesh,"NGO working on high-risk pregnancy support, rural health outreach across rural and semi-urban communities.","High-Risk Pregnancy Support, Rural Health Outreach",15.079161,80.420748,100.0
NGO_37,Karimnagar,Telangana,"NGO working on breastfeeding & nutrition, telemedicine services across rural and semi-urban communities.","Breastfeeding & Nutrition, Telemedicine Services",16.673976,81.137188,0.0
NGO_38,Kurnool,Andhra Pradesh,"NGO working on immunization programs, rural health outreach across rural and semi-urban communities.","Immunization Programs, Rural Health Outreach",18.393626,80.765727,0.0
NGO_39,Warangal,Telangana,"NGO working on community midwife training, maternal health across rural and semi-urban communities.","Community Midwife Training, Maternal Health",16.894316,79.598242,100.0
NGO_40,Visakhapatnam,Andhra Pradesh,"NGO working on telemedicine services, breastfeeding & nutrition across rural and semi-urban communities.","Telemedicine Services, Breastfeeding & Nutrition",16.036411,78.241947,0.0
NGO_41,Warangal,Telangana,"NGO working on high-risk pregnancy support, rural health outreach across rural and semi-urban communities.","High-Risk Pregnancy Support, Rural Health Outreach",16.706926,80.506771,100.0
NGO_42,Nellore,Andhra Pradesh,"NGO working on immunization programs, neonatal care across rural and semi-urban communities.","Immunization Programs, Neonatal Care",18.108209,78.977448,100.0
NGO_43,Nizamabad,Telangana,"NGO working on maternal health, telemedicine services across rural and semi-urban communities.","Maternal Health, Telemedicine Services",16.113075,80.792232,99.0
NGO_44,Nellore,Andhra Pradesh,"NGO working on breastfeeding & nutrition, high-risk pregnancy support across rural and semi-urban communities.","Breastfeeding & Nutrition, High-Risk Pregnancy Support",18.155398,80.894602,100.0
NGO_45,Hyderabad,Telangana,"NGO working on rural health outreach, high-risk pregnancy support across rural and semi-urban communities.","Rural Health Outreach, High-Risk Pregnancy Support",15.588984,78.490821,100.0
NGO_46,Kurnool,Andhra Pradesh,"NGO working on maternal health, high-risk pregnancy support across rural and semi-urban communities.","Maternal Health, High-Risk Pregnancy Support",18.257314,81.565689,100.0
NGO_47,Khammam,Telangana,"NGO working on neonatal care, high-risk pregnancy support across rural and semi-urban communities.","Neonatal Care, High-Risk Pregnancy Support",18.424177,80.281651,100.0
NGO_48,Eluru,Andhra Pradesh,"NGO working on maternal health, telemedicine services across rural and semi-urban communities.","Maternal Health, Telemedicine Services",16.260212,80.593747,99.0
NGO_49,Hyderabad,Telangana,"NGO working on telemedicine services, rural health outreach across rural and semi-urban communities.","Telemedicine Services, Rural Health Outreach",16.461037,78.079788,0.0
NGO_50,Nellore,Andhra Pradesh,"NGO working on rural health outreach, maternal health across rural and semi-urban communities.","Rural Health Outreach, Maternal Health",16.90585,81.596292,100.0
NGO_51,Karimnagar,Telangana,"NGO working on high-risk pregnancy support, breastfeeding & nutrition across rural and semi-urban communities.","High-Risk Pregnancy Support, Breastfeeding & Nutrition",18.009744,79.712917,100.0
NGO_52,Eluru,Andhra Pradesh,"NGO working on rural health outreach, high-risk pregnancy support across rural and semi-urban communities.","Rural Health Outreach, High-Risk Pregnancy Support",17.051824,80.888935,100.0
NGO_53,Hyderabad,Telangana,"NGO working on community midwife training, neonatal care across rural and semi-urban communities.","Community Midwife Training, Neonatal Care",15.911684,78.927909,100.0
NGO_54,Eluru,Andhra Pradesh,"NGO working on rural health outreach, breastfeeding & nutrition across rural and semi-urban communities.","Rural Health Outreach, Breastfeeding & Nutrition",16.544996,80.122048,0.0
NGO_55,Nizamabad,Telangana,"NGO working on telemedicine services, rural health outreach across rural and semi-urban communities.","Telemedicine Services, Rural Health Outreach",15.330741,78.53171,0.0
NGO_56,Kurnool,Andhra Pradesh,"NGO working on high-risk pregnancy support, immunization programs across rural and semi-urban communities.","High-Risk Pregnancy Support, Immunization Programs",17.594275,81.730591,100.0
NGO_57,Warangal,Telangana,"NGO working on community midwife training, neonatal care across rural and semi-urban communities.","Community Midwife Training, Neonatal Care",15.960774,79.15786,100.0
NGO_58,Visakhapatnam,Andhra Pradesh,"NGO working on neonatal care, maternal health across rural and semi-urban communities.","Neonatal Care, Maternal Health",16.312307,78.942963,100.0
NGO_59,Karimnagar,Telangana,"NGO working on breastfeeding & nutrition, high-risk pregnancy support across rural and semi-urban communities.","Breastfeeding & Nutrition, High-Risk Pregnancy Support",16.954423,81.808411,100.0
NGO_60,Guntur,Andhra Pradesh,"NGO working on maternal health, community midwife training across rural and semi-urban communities.","Maternal Health, Community Midwife Training",18.476584,79.91263,100.0
NGO_61,Warangal,Telangana,"NGO working on rural health outreach, community midwife training across rural and semi-urban communities.","Rural Health Outreach, Community Midwife Training",16.028965,79.677745,100.0
NGO_62,Kurnool,Andhra Pradesh,"NGO working on maternal health, neonatal care across rural and semi-urban communities.","Maternal Health, Neonatal Care",18.034884,80.459554,100.0
NGO_63,Nizamabad,Telangana,"NGO working on neonatal care, maternal health across rural and semi-urban communities.","Neonatal Care, Maternal Health",16.210613,81.240197,100.0
NGO_64,Guntur,Andhra Pradesh,"NGO working on telemedicine services, breastfeeding & nutrition across rural and semi-urban communities.","Telemedicine Services, Breastfeeding & Nutrition",17.005899,80.910693,0.0
NGO_65,Hyderabad,Telangana,"NGO working on high-risk pregnancy support, breastfeeding & nutrition across rural and semi-urban communities.","High-Risk Pregnancy Support, Breastfeeding & Nutrition",18.075509,78.477025,100.0
NGO_66,Visakhapatnam,Andhra Pradesh,"NGO working on maternal health, high-risk pregnancy support across rural and semi-urban communities.","Maternal Health, High-Risk Pregnancy Support",15.76569,78.722492,100.0
NGO_67,Warangal,Telangana,"NGO working on telemedicine services, breastfeeding & nutrition across rural and semi-urban communities.","Telemedicine Services, Breastfeeding & Nutrition",15.048415,80.340517,0.0
NGO_68,Eluru,Andhra Pradesh,"NGO working on high-risk pregnancy support, telemedicine services across rural and semi-urban communities.","High-Risk Pregnancy Support, Telemedicine Services",18.220818,79.855455,100.0
NGO_69,Warangal,Telangana,"NGO working on neonatal care, maternal health across rural and semi-urban communities.","Neonatal Care, Maternal Health",15.2056,78.018814,100.0
NGO_70,Nellore,Andhra Pradesh,"NGO working on breastfeeding & nutrition, neonatal care across rural and semi-urban communities.","Breastfeeding & Nutrition, Neonatal Care",16.135966,80.592761,100.0
NGO_71,Karimnagar,Telangana,"NGO working on breastfeeding & nutrition, neonatal care across rural and semi-urban communities.","Breastfeeding & Nutrition, Neonatal Care",17.773953,81.06354,100.0
NGO_72,Kurnool,Andhra Pradesh,"NGO working on telemedicine services, immunization programs across rural and semi-urban communities.","Telemedicine Services, Immunization Programs",17.632571,81.921392,0.0
NGO_73,Nizamabad,Telangana,"NGO working on rural health outreach, maternal health across rural and semi-urban communities.","Rural Health Outreach, Maternal Health",18.001605,78.834161,100.0
NGO_74,Eluru,Andhra Pradesh,"NGO working on neonatal care, maternal health across rural and semi-urban communities.","Neonatal Care, Maternal Health",17.972145,79.032926,100.0
NGO_75,Karimnagar,Telangana,"NGO working on immunization programs, breastfeeding & nutrition across rural and semi-urban communities.","Immunization Programs, Breastfeeding & Nutrition",17.359583,80.063444,0.0
NGO_76,Kurnool,Andhra Pradesh,"NGO working on neonatal care, high-risk pregnancy support across rural and semi-urban communities.","Neonatal Care, High-Risk Pregnancy Support",15.140799,78.268096,100.0
NGO_77,Hyderabad,Telangana,"NGO working on community midwife training, immunization programs across rural and semi-urban communities.","Community Midwife Training, Immunization Programs",15.514263,80.084515,100.0
NGO_78,Visakhapatnam,Andhra Pradesh,"NGO working on breastfeeding & nutrition, neonatal care across rural and semi-urban communities.","Breastfeeding & Nutrition, Neonatal Care",17.76722,79.919745,100.0
NGO_79,Nizamabad,Telangana,"NGO working on neonatal care, breastfeeding & nutrition across rural and semi-urban communities.","Neonatal Care, Breastfeeding & Nutrition",17.387061,81.170472,100.0
NGO_80,Kurnool,Andhra Pradesh,"NGO working on community midwife training, rural health outreach across rural and semi-urban communities.","Community Midwife Training, Rural Health Outreach",16.227239,81.910852,100.0
NGO_81,Nizamabad,Telangana,"NGO working on immunization programs, neonatal care across rural and semi-urban communities.","Immunization Programs, Neonatal Care",15.971797,81.199039,100.0
NGO_82,Eluru,Andhra Pradesh,"NGO working on neonatal care, maternal health across rural and semi-urban communities.","Neonatal Care, Maternal Health",16.662525,81.366465,100.0
NGO_83,Warangal,Telangana,"NGO working on telemedicine services, immunization programs across rural and semi-urban communities.","Telemedicine Services, Immunization Programs",16.454972,79.120478,0.0
NGO_84,Kurnool,Andhra Pradesh,"NGO working on neonatal care, breastfeeding & nutrition across rural and semi-urban communities.","Neonatal Care, Breastfeeding & Nutrition",17.579551,78.243221,100.0
NGO_85,Warangal,Telangana,"NGO working on neonatal care, telemedicine services across rural and semi-urban communities.","Neonatal Care, Telemedicine Services",18.382712,80.477504,98.0
NGO_86,Kurnool,Andhra Pradesh,"NGO working on community midwife training, high-risk pregnancy support across rural and semi-urban communities.","Community Midwife Training, High-Risk Pregnancy Support",16.998122,78.697739,100.0
NGO_87,Khammam,Telangana,"NGO working on immunization programs, telemedicine services across rural and semi-urban communities.","Immunization Programs, Telemedicine Services",16.166794,81.43128,0.0
NGO_88,Guntur,Andhra Pradesh,"NGO working on rural health outreach, maternal health across rural and semi-urban communities.","Rural Health Outreach, Maternal Health",18.153084,80.324598,100.0
NGO_89,Warangal,Telangana,"NGO working on high-risk pregnancy support, immunization programs across rural and semi-urban communities.","High-Risk Pregnancy Support, Immunization Programs",15.35448,79.505823,100.0
NGO_90,Kurnool,Andhra Pradesh,"NGO working on community midwife training, neonatal care across rural and semi-urban communities.","Community Midwife Training, Neonatal Care",17.419491,78.697709,100.0
NGO_91,Warangal,Telangana,"NGO working on telemedicine services, neonatal care across rural and semi-urban communities.","Telemedicine Services, Neonatal Care",16.307259,81.889197,100.0
NGO_92,Visakhapatnam,Andhra Pradesh,"NGO working on community midwife training, immunization programs across rural and semi-urban communities.","Community Midwife Training, Immunization Programs",17.474135,78.96336,100.0
NGO_93,Karimnagar,Telangana,"NGO working on telemedicine services, community midwife training across rural and semi-urban communities.","Telemedicine Services, Community Midwife Training",16.242788,78.783114,100.0
NGO_94,Guntur,Andhra Pradesh,"NGO working on immunization programs, telemedicine services across rural and semi-urban communities.","Immunization Programs, Telemedicine Services",16.57845,81.287431,0.0
NGO_95,Warangal,Telangana,"NGO working on high-risk pregnancy support, immunization programs across rural and semi-urban communities.","High-Risk Pregnancy Support, Immunization Programs",17.854853,79.238291,100.0
NGO_96,Visakhapatnam,Andhra Pradesh,"NGO working on telemedicine services, immunization programs across rural and semi-urban communities.","Telemedicine Services, Immunization Programs",17.524662,78.729758,0.0
NGO_97,Khammam,Telangana,"NGO working on rural health outreach, immunization programs across rural and semi-urban communities.","Rural Health Outreach, Immunization Programs",15.722552,80.088685,0.0
NGO_98,Guntur,Andhra Pradesh,"NGO working on immunization programs, breastfeeding & nutrition across rural and semi-urban communities.","Immunization Programs, Breastfeeding & Nutrition",18.244062,79.115992,0.0
NGO_99,Khammam,Telangana,"NGO working on maternal health, immunization programs across rural and semi-urban communities.","Maternal Health, Immunization Programs",17.013582,79.528264,100.0
NGO_100,Nellore,Andhra Pradesh,"NGO working on community midwife training, telemedicine services across rural and semi-urban communities.","Community Midwife Training, Telemedicine Services",18.389057,81.322052,100.0
NGO_101,Karimnagar,Telangana,"NGO working on immunization programs, community midwife training across rural and semi-urban communities.","Immunization Programs, Community Midwife Training",18.028021,79.421688,100.0
NGO_102,Visakhapatnam,Andhra Pradesh,"NGO working on neonatal care, immunization programs across rural and semi-urban communities.","Neonatal Care, Immunization Programs",17.87798,79.15409,100.0
NGO_103,Nizamabad,Telangana,"NGO working on immunization programs, maternal health across rural and semi-urban communities.","Immunization Programs, Maternal Health",17.108689,80.356572,100.0
NGO_104,Kurnool,Andhra Pradesh,"NGO working on maternal health, high-risk pregnancy support across rural and semi-urban communities.","Maternal Health, High-Risk Pregnancy Support",15.654199,79.120095,100.0
NGO_105,Warangal,Telangana,"NGO working on rural health outreach, high-risk pregnancy support across rural and semi-urban communities.","Rural Health Outreach, High-Risk Pregnancy Support",16.78819,78.704657,100.0
NGO_106,Eluru,Andhra Pradesh,"NGO working on community midwife training, breastfeeding & nutrition across rural and semi-urban communities.","Community Midwife Training, Breastfeeding & Nutrition",15.209787,79.034253,98.0
NGO_107,Khammam,Telangana,"NGO working on neonatal care, high-risk pregnancy support across rural and semi-urban communities.","Neonatal Care, High-Risk Pregnancy Support",17.216029,81.210639,100.0
NGO_108,Eluru,Andhra Pradesh,"NGO working on maternal health, breastfeeding & nutrition across rural and semi-urban communities.","Maternal Health, Breastfeeding & Nutrition",15.453312,79.899284,100.0
NGO_109,Warangal,Telangana,"NGO working on breastfeeding & nutrition, telemedicine services across rural and semi-urban communities.","Breastfeeding & Nutrition, Telemedicine Services",17.86755,81.762007,0.0
NGO_110,Nellore,Andhra Pradesh,"NGO working on maternal health, rural health outreach across rural and semi-urban communities.","Maternal Health, Rural Health Outreach",15.308299,80.434845,100.0
NGO_111,Khammam,Telangana,"NGO working on community midwife training, high-risk pregnancy support across rural and semi-urban communities.","Community Midwife Training, High-Risk Pregnancy Support",15.025062,81.985247,100.0
NGO_112,Eluru,Andhra Pradesh,"NGO working on maternal health, community midwife training across rural and semi-urban communities.","Maternal Health, Community Midwife Training",16.545481,80.858763,100.0
NGO_113,Warangal,Telangana,"NGO working on high-risk pregnancy support, breastfeeding & nutrition across rural and semi-urban communities.","High-Risk Pregnancy Support, Breastfeeding & Nutrition",17.028064,81.639846,100.0
NGO_114,Visakhapatnam,Andhra Pradesh,"NGO working on community midwife training, maternal health across rural and semi-urban communities.","Community Midwife Training, Maternal Health",18.063505,81.160138,100.0
NGO_115,Karimnagar,Telangana,"NGO working on telemedicine services, breastfeeding & nutrition across rural and semi-urban communities.","Telemedicine Services, Breastfeeding & Nutrition",17.960933,79.369023,0.0
NGO_116,Nellore,Andhra Pradesh,"NGO working on immunization programs, maternal health across rural and semi-urban communities.","Immunization Programs, Maternal Health",18.056249,79.367956,100.0
NGO_117,Hyderabad,Telangana,"NGO working on neonatal care, maternal health across rural and semi-urban communities.","Neonatal Care, Maternal Health",17.146966,80.203782,100.0
NGO_118,Guntur,Andhra Pradesh,"NGO working on neonatal care, maternal health across rural and semi-urban communities.","Neonatal Care, Maternal Health",15.852599,79.853829,100.0
NGO_119,Khammam,Telangana,"NGO working on high-risk pregnancy support, telemedicine services across rural and semi-urban communities.","High-Risk Pregnancy Support, Telemedicine Services",16.101423,78.177445,100.0
NGO_120,Eluru,Andhra Pradesh,"NGO working on telemedicine services, breastfeeding & nutrition across rural and semi-urban communities.","Telemedicine Services, Breastfeeding & Nutrition",15.309378,78.354658,0.0
NGO_121,Warangal,Telangana,"NGO working on immunization programs, neonatal care across rural and semi-urban communities.","Immunization Programs, Neonatal Care",18.072994,78.729789,100.0
NGO_122,Visakhapatnam,Andhra Pradesh,"NGO working on community midwife training, immunization programs across rural and semi-urban communities.","Community Midwife Training, Immunization Programs",16.765661,79.568678,100.0
NGO_123,Khammam,Telangana,"NGO working on immunization programs, high-risk pregnancy support across rural and semi-urban communities.","Immunization Programs, High-Risk Pregnancy Support",17.482441,78.815627,100.0
NGO_124,Eluru,Andhra Pradesh,"NGO working on neonatal care, breastfeeding & nutrition across rural and semi-urban communities.","Neonatal Care, Breastfeeding & Nutrition",15.579231,81.176502,100.0
NGO_125,Hyderabad,Telangana,"NGO working on maternal health, telemedicine services across rural and semi-urban communities.","Maternal Health, Telemedicine Services",16.080658,79.874198,99.0
NGO_126,Eluru,Andhra Pradesh,"NGO working on community midwife training, immunization programs across rural and semi-urban communities.","Community Midwife Training, Immunization Programs",15.289772,79.874523,100.0
NGO_127,Khammam,Telangana,"NGO working on telemedicine services, community midwife training across rural and semi-urban communities.","Telemedicine Services, Community Midwife Training",17.99972,80.855731,100.0
NGO_128,Kurnool,Andhra Pradesh,"NGO working on breastfeeding & nutrition, community midwife training across rural and semi-urban communities.","Breastfeeding & Nutrition, Community Midwife Training",15.942375,81.663889,100.0
NGO_129,Hyderabad,Telangana,"NGO working on rural health outreach, breastfeeding & nutrition across rural and semi-urban communities.","Rural Health Outreach, Breastfeeding & Nutrition",15.603631,79.376419,0.0
NGO_130,Eluru,Andhra Pradesh,"NGO working on rural health outreach, neonatal care across rural and semi-urban communities.","Rural Health Outreach, Neonatal Care",15.790408,78.773182,100.0
NGO_131,Warangal,Telangana,"NGO working on high-risk pregnancy support, breastfeeding & nutrition across rural and semi-urban communities.","High-Risk Pregnancy Support, Breastfeeding & Nutrition",16.991761,81.848987,100.0
NGO_132,Kurnool,Andhra Pradesh,"NGO working on telemedicine services, breastfeeding & nutrition across rural and semi-urban communities.","Telemedicine Services, Breastfeeding & Nutrition",18.288067,80.720999,0.0
NGO_133,Khammam,Telangana,"NGO working on immunization programs, high-risk pregnancy support across rural and semi-urban communities.","Immunization Programs, High-Risk Pregnancy Support",17.554997,78.550437,100.0
NGO_134,Kurnool,Andhra Pradesh,"NGO working on breastfeeding & nutrition, community midwife training across rural and semi-urban communities.","Breastfeeding & Nutrition, Community Midwife Training",15.376307,81.032321,100.0
NGO_135,Khammam,Telangana,"NGO working on high-risk pregnancy support, rural health outreach across rural and semi-urban communities.","High-Risk Pregnancy Support, Rural Health Outreach",15.075022,81.693494,100.0
NGO_136,Kurnool,Andhra Pradesh,"NGO working on maternal health, community midwife training across rural and semi-urban communities.","Maternal Health, Community Midwife Training",17.821595,81.198941,100.0
NGO_137,Hyderabad,Telangana,"NGO working on community midwife training, breastfeeding & nutrition across rural and semi-urban communities.","Community Midwife Training, Breastfeeding & Nutrition",17.725054,79.859209,98.0
NGO_138,Eluru,Andhra Pradesh,"NGO working on maternal health, high-risk pregnancy support across rural and semi-urban communities.","Maternal Health, High-Risk Pregnancy Support",18.014876,78.825685,100.0
NGO_139,Khammam,Telangana,"NGO working on high-risk pregnancy support, breastfeeding & nutrition across rural and semi-urban communities.","High-Risk Pregnancy Support, Breastfeeding & Nutrition",15.864846,81.909456,100.0
NGO_140,Visakhapatnam,Andhra Pradesh,"NGO working on telemedicine services, community midwife training across rural and semi-urban communities.","Telemedicine Services, Community Midwife Training",17.67497,79.134061,100.0
NGO_141,Warangal,Telangana,"NGO working on high-risk pregnancy support, breastfeeding & nutrition across rural and semi-urban communities.","High-Risk Pregnancy Support, Breastfeeding & Nutrition",17.860156,78.113434,100.0
NGO_142,Visakhapatnam,Andhra Pradesh,"NGO working on immunization programs, rural health outreach across rural and semi-urban communities.","Immunization Programs, Rural Health Outreach",17.620558,78.792865,0.0
NGO_143,Hyderabad,Telangana,"NGO working on immunization programs, community midwife training across rural and semi-urban communities.","Immunization Programs, Community Midwife Training",17.95057,78.928647,100.0
NGO_144,Guntur,Andhra Pradesh,"NGO working on high-risk pregnancy support, breastfeeding & nutrition across rural and semi-urban communities.","High-Risk Pregnancy Support, Breastfeeding & Nutrition",18.382913,81.571893,100.0
NGO_145,Khammam,Telangana,"NGO working on breastfeeding & nutrition, maternal health across rural and semi-urban communities.","Breastfeeding & Nutrition, Maternal Health",17.561324,81.511279,93.0
NGO_146,Visakhapatnam,Andhra Pradesh,"NGO working on neonatal care, high-risk pregnancy support across rural and semi-urban communities.","Neonatal Care, High-Risk Pregnancy Support",18.47088,80.930229,100.0
NGO_147,Khammam,Telangana,"NGO working on community midwife training, high-risk pregnancy support across rural and semi-urban communities.","Community Midwife Training, High-Risk Pregnancy Support",15.84786,80.052573,100.0
NGO_148,Eluru,Andhra Pradesh,"NGO working on maternal health, telemedicine services across rural and semi-urban communities.","Maternal Health, Telemedicine Services",16.595117,78.905037,99.0
NGO_149,Hyderabad,Telangana,"NGO working on immunization programs, high-risk pregnancy support across rural and semi-urban communities.","Immunization Programs, High-Risk Pregnancy Support",16.042029,81.684141,100.0
NGO_150,Guntur,Andhra Pradesh,"NGO working on high-risk pregnancy support, telemedicine services across rural and semi-urban communities.","High-Risk Pregnancy Support, Telemedicine Services",17.944957,78.73917,100.0
NGO_151,Khammam,Telangana,"NGO working on immunization programs, high-risk pregnancy support across rural and semi-urban communities.","Immunization Programs, High-Risk Pregnancy Support",15.444683,81.53686,100.0
NGO_152,Guntur,Andhra Pradesh,"NGO working on telemedicine services, rural health outreach across rural and semi-urban communities.","Telemedicine Services, Rural Health Outreach",16.304906,79.807811,0.0
NGO_153,Karimnagar,Telangana,"NGO working on high-risk pregnancy support, breastfeeding & nutrition across rural and semi-urban communities.","High-Risk Pregnancy Support, Breastfeeding & Nutrition",18.246438,80.995668,100.0
NGO_154,Kurnool,Andhra Pradesh,"NGO working on community midwife training, maternal health across rural and semi-urban communities.","Community Midwife Training, Maternal Health",16.554222,80.742137,100.0
NGO_155,Hyderabad,Telangana,"NGO working on rural health outreach, maternal health across rural and semi-urban communities.","Rural Health Outreach, Maternal Health",17.530097,80.947563,100.0
NGO_156,Nellore,Andhra Pradesh,"NGO working on community midwife training, maternal health across rural and semi-urban communities.","Community Midwife Training, Maternal Health",17.60532,78.884668,100.0
NGO_157,Warangal,Telangana,"NGO working on breastfeeding & nutrition, high-risk pregnancy support across rural and semi-urban communities.","Breastfeeding & Nutrition, High-Risk Pregnancy Support",16.821717,81.316817,100.0
NGO_158,Guntur,Andhra Pradesh,"NGO working on telemedicine services, high-risk pregnancy support across rural and semi-urban communities.","Telemedicine Services, High-Risk Pregnancy Support",17.961695,79.971035,99.0
NGO_159,Hyderabad,Telangana,"NGO working on immunization programs, rural health outreach across rural and semi-urban communities.","Immunization Programs, Rural Health Outreach",17.518552,81.535311,0.0
NGO_160,Guntur,Andhra Pradesh,"NGO working on telemedicine services, maternal health across rural and semi-urban communities.","Telemedicine Services, Maternal Health",16.950355,79.608494,100.0
NGO_161,Nizamabad,Telangana,"NGO working on neonatal care, maternal health across rural and semi-urban communities.","Neonatal Care, Maternal Health",16.583273,80.474614,100.0
NGO_162,Guntur,Andhra Pradesh,"NGO working on community midwife training, immunization programs across rural and semi-urban communities.","Community Midwife Training, Immunization Programs",16.677165,81.753295,100.0
NGO_163,Nizamabad,Telangana,"NGO working on high-risk pregnancy support, immunization programs across rural and semi-urban communities.","High-Risk Pregnancy Support, Immunization Programs",15.624395,80.377985,100.0
NGO_164,Nellore,Andhra Pradesh,"NGO working on maternal health, neonatal care across rural and semi-urban communities.","Maternal Health, Neonatal Care",16.29938,78.682575,100.0
NGO_165,Hyderabad,Telangana,"NGO working on breastfeeding & nutrition, immunization programs across rural and semi-urban communities.","Breastfeeding & Nutrition, Immunization Programs",17.449946,79.572185,0.0
NGO_166,Eluru,Andhra Pradesh,"NGO working on rural health outreach, neonatal care across rural and semi-urban communities.","Rural Health Outreach, Neonatal Care",15.446885,81.184945,100.0
NGO_167,Nizamabad,Telangana,"NGO working on maternal health, community midwife training across rural and semi-urban communities.","Maternal Health, Community Midwife Training",17.620508,79.526525,100.0
NGO_168,Guntur,Andhra Pradesh,"NGO working on immunization programs, maternal health across rural and semi-urban communities.","Immunization Programs, Maternal Health",15.576213,78.712526,100.0
NGO_169,Nizamabad,Telangana,"NGO working on telemedicine services, immunization programs across rural and semi-urban communities.","Telemedicine Services, Immunization Programs",16.951851,79.949833,0.0
NGO_170,Nellore,Andhra Pradesh,"NGO working on neonatal care, breastfeeding & nutrition across rural and semi-urban communities.","Neonatal Care, Breastfeeding & Nutrition",17.228756,81.142489,100.0
NGO_171,Karimnagar,Telangana,"NGO working on telemedicine services, immunization programs across rural and semi-urban communities.","Telemedicine Services, Immunization Programs",15.506551,80.707723,0.0
NGO_172,Kurnool,Andhra Pradesh,"NGO working on breastfeeding & nutrition, neonatal care across rural and semi-urban communities.","Breastfeeding & Nutrition, Neonatal Care",15.620778,78.037342,100.0
NGO_173,Warangal,Telangana,"NGO working on breastfeeding & nutrition, immunization programs across rural and semi-urban communities.","Breastfeeding & Nutrition, Immunization Programs",16.973308,79.626609,0.0
NGO_174,Nellore,Andhra Pradesh,"NGO working on immunization programs, rural health outreach across rural and semi-urban communities.","Immunization Programs, Rural Health Outreach",17.877294,79.008165,0.0
NGO_175,Karimnagar,Telangana,"NGO working on rural health outreach, neonatal care across rural and semi-urban communities.","Rural Health Outreach, Neonatal Care",17.829574,78.416513,100.0
NGO_176,Eluru,Andhra Pradesh,"NGO working on neonatal care, breastfeeding & nutrition across rural and semi-urban communities.","Neonatal Care, Breastfeeding & Nutrition",15.323341,79.937715,100.0
NGO_177,Khammam,Telangana,"NGO working on breastfeeding & nutrition, community midwife training across rural and semi-urban communities.","Breastfeeding & Nutrition, Community Midwife Training",17.121095,79.05707,100.0
NGO_178,Nellore,Andhra Pradesh,"NGO working on immunization programs, high-risk pregnancy support across rural and semi-urban communities.","Immunization Programs, High-Risk Pregnancy Support",15.445899,81.188708,100.0
NGO_179,Karimnagar,Telangana,"NGO working on rural health outreach, immunization programs across rural and semi-urban communities.","Rural Health Outreach, Immunization Programs",15.330821,79.760675,0.0
NGO_180,Kurnool,Andhra Pradesh,"NGO working on high-risk pregnancy support, rural health outreach across rural and semi-urban communities.","High-Risk Pregnancy Support, Rural Health Outreach",17.786226,79.96771,100.0
NGO_181,Nizamabad,Telangana,"NGO working on high-risk pregnancy support, breastfeeding & nutrition across rural and semi-urban communities.","High-Risk Pregnancy Support, Breastfeeding & Nutrition",18.42028,80.912908,100.0
NGO_182,Kurnool,Andhra Pradesh,"NGO working on maternal health, immunization programs across rural and semi-urban communities.","Maternal Health, Immunization Programs",17.767805,81.136209,100.0
NGO_183,Warangal,Telangana,"NGO working on community midwife training, high-risk pregnancy support across rural and semi-urban communities.","Community Midwife Training, High-Risk Pregnancy Support",16.259227,78.928364,100.0
NGO_184,Eluru,Andhra Pradesh,"NGO working on breastfeeding & nutrition, telemedicine services across rural and semi-urban communities.","Breastfeeding & Nutrition, Telemedicine Services",17.343844,80.021686,0.0
NGO_185,Hyderabad,Telangana,"NGO working on breastfeeding & nutrition, telemedicine services across rural and semi-urban communities.","Breastfeeding & Nutrition, Telemedicine Services",15.083313,81.133703,0.0
NGO_186,Eluru,Andhra Pradesh,"NGO working on community midwife training, telemedicine services across rural and semi-urban communities.","Community Midwife Training, Telemedicine Services",15.823783,80.319273,100.0
NGO_187,Nizamabad,Telangana,"NGO working on immunization programs, breastfeeding & nutrition across rural and semi-urban communities.","Immunization Programs, Breastfeeding & Nutrition",15.193147,78.094739,0.0
NGO_188,Eluru,Andhra Pradesh,"NGO working on neonatal care, community midwife training across rural and semi-urban communities.","Neonatal Care, Community Midwife Training",18.424488,81.068369,100.0
NGO_189,Karimnagar,Telangana,"NGO working on breastfeeding & nutrition, immunization programs across rural and semi-urban communities.","Breastfeeding & Nutrition, Immunization Programs",16.041246,79.7353,0.0
NGO_190,Guntur,Andhra Pradesh,"NGO working on breastfeeding & nutrition, telemedicine services across rural and semi-urban communities.","Breastfeeding & Nutrition, Telemedicine Services",15.868299,80.749017,0.0
NGO_191,Hyderabad,Telangana,"NGO working on high-risk pregnancy support, telemedicine services across rural and semi-urban communities.","High-Risk Pregnancy Support, Telemedicine Services",17.240912,80.230192,100.0
NGO_192,Guntur,Andhra Pradesh,"NGO working on high-risk pregnancy support, maternal health across rural and semi-urban communities.","High-Risk Pregnancy Support, Maternal Health",16.261256,78.913729,99.0
NGO_193,Karimnagar,Telangana,"NGO working on high-risk pregnancy support, neonatal care across rural and semi-urban communities.","High-Risk Pregnancy Support, Neonatal Care",17.294653,78.64029,100.0
NGO_194,Kurnool,Andhra Pradesh,"NGO working on community midwife training, neonatal care across rural and semi-urban communities.","Community Midwife Training, Neonatal Care",17.271908,79.512666,100.0
NGO_195,Khammam,Telangana,"NGO working on neonatal care, breastfeeding & nutrition across rural and semi-urban communities.","Neonatal Care, Breastfeeding & Nutrition",15.734288,81.387418,100.0
NGO_196,Nellore,Andhra Pradesh,"NGO working on rural health outreach, high-risk pregnancy support across rural and semi-urban communities.","Rural Health Outreach, High-Risk Pregnancy Support",16.332416,81.405715,100.0
NGO_197,Nizamabad,Telangana,"NGO working on maternal health, telemedicine services across rural and semi-urban communities.","Maternal Health, Telemedicine Services",15.296946,80.507562,99.0
NGO_198,Kurnool,Andhra Pradesh,"NGO working on high-risk pregnancy support, breastfeeding & nutrition across rural and semi-urban communities.","High-Risk Pregnancy Support, Breastfeeding & Nutrition",16.764388,81.111627,100.0
NGO_199,Karimnagar,Telangana,"NGO working on high-risk pregnancy support, neonatal care across rural and semi-urban communities.","High-Risk Pregnancy Support, Neonatal Care",15.434298,79.862633,100.0
NGO_200,Eluru,Andhra Pradesh,"NGO working on breastfeeding & nutrition, neonatal care across rural and semi-urban communities.","Breastfeeding & Nutrition, Neonatal Care",15.655627,80.842869,100.0
NGO_201,Karimnagar,Telangana,"NGO working on breastfeeding & nutrition, telemedicine services across rural and semi-urban communities.","Breastfeeding & Nutrition, Telemedicine Services",18.003277,78.081683,0.0
NGO_202,Guntur,Andhra Pradesh,"NGO working on high-risk pregnancy support, community midwife training across rural and semi-urban communities.","High-Risk Pregnancy Support, Community Midwife Training",16.627889,78.667246,100.0
NGO_203,Karimnagar,Telangana,"NGO working on immunization programs, breastfeeding & nutrition across rural and semi-urban communities.","Immunization Programs, Breastfeeding & Nutrition",15.091123,81.655691,0.0
NGO_204,Guntur,Andhra Pradesh,"NGO working on high-risk pregnancy support, maternal health across rural and semi-urban communities.","High-Risk Pregnancy Support, Maternal Health",15.390175,79.709575,99.0
NGO_205,Hyderabad,Telangana,"NGO working on rural health outreach, maternal health across rural and semi-urban communities.","Rural Health Outreach, Maternal Health",18.157853,78.534842,100.0
NGO_206,Nellore,Andhra Pradesh,"NGO working on neonatal care, rural health outreach across rural and semi-urban communities.","Neonatal Care, Rural Health Outreach",15.805496,81.933091,99.0
NGO_207,Warangal,Telangana,"NGO working on breastfeeding & nutrition, neonatal care across rural and semi-urban communities.","Breastfeeding & Nutrition, Neonatal Care",16.6788,78.455262,100.0
NGO_208,Nellore,Andhra Pradesh,"NGO working on neonatal care, rural health outreach across rural and semi-urban communities.","Neonatal Care, Rural Health Outreach",18.193008,80.961484,99.0
NGO_209,Hyderabad,Telangana,"NGO working on neonatal care, immunization programs across rural and semi-urban communities.","Neonatal Care, Immunization Programs",16.670557,81.321094,100.0
NGO_210,Nellore,Andhra Pradesh,"NGO working on rural health outreach, immunization programs across rural and semi-urban communities.","Rural Health Outreach, Immunization Programs",17.147118,79.996819,0.0
NGO_211,Hyderabad,Telangana,"NGO working on breastfeeding & nutrition, community midwife training across rural and semi-urban communities.","Breastfeeding & Nutrition, Community Midwife Training",15.982452,78.164302,100.0
NGO_212,Eluru,Andhra Pradesh,"NGO working on rural health outreach, immunization programs across rural and semi-urban communities.","Rural Health Outreach, Immunization Programs",17.462062,80.765864,0.0
NGO_213,Karimnagar,Telangana,"NGO working on immunization programs, breastfeeding & nutrition across rural and semi-urban communities.","Immunization Programs, Breastfeeding & Nutrition",16.50131,79.293837,0.0
NGO_214,Eluru,Andhra Pradesh,"NGO working on maternal health, telemedicine services across rural and semi-urban communities.","Maternal Health, Telemedicine Services",15.954133,80.770196,99.0
NGO_215,Khammam,Telangana,"NGO working on immunization programs, community midwife training across rural and semi-urban communities.","Immunization Programs, Community Midwife Training",16.802957,80.351754,100.0
NGO_216,Nellore,Andhra Pradesh,"NGO working on high-risk pregnancy support, breastfeeding & nutrition across rural and semi-urban communities.","High-Risk Pregnancy Support, Breastfeeding & Nutrition",16.080773,80.059841,100.0
NGO_217,Hyderabad,Telangana,"NGO working on telemedicine services, neonatal care across rural and semi-urban communities.","Telemedicine Services, Neonatal Care",17.833906,81.852782,100.0
NGO_218,Visakhapatnam,Andhra Pradesh,"NGO working on neonatal care, immunization programs across rural and semi-urban communities.","Neonatal Care, Immunization Programs",16.937341,80.787214,100.0
NGO_219,Hyderabad,Telangana,"NGO working on immunization programs, community midwife training across rural and semi-urban communities.","Immunization Programs, Community Midwife Training",17.943682,81.41944,100.0
NGO_220,Nellore,Andhra Pradesh,"NGO working on immunization programs, rural health outreach across rural and semi-urban communities.","Immunization Programs, Rural Health Outreach",17.041559,80.526795,0.0
NGO_221,Warangal,Telangana,"NGO working on rural health outreach, telemedicine services across rural and semi-urban communities.","Rural Health Outreach, Telemedicine Services",16.626376,81.115956,1.0
NGO_222,Nellore,Andhra Pradesh,"NGO working on telemedicine services, immunization programs across rural and semi-urban communities.","Telemedicine Services, Immunization Programs",16.497529,79.712534,0.0
NGO_223,Khammam,Telangana,"NGO working on rural health outreach, immunization programs across rural and semi-urban communities.","Rural Health Outreach, Immunization Programs",18.063057,81.251395,0.0
NGO_224,Nellore,Andhra Pradesh,"NGO working on rural health outreach, high-risk pregnancy support across rural and semi-urban communities.","Rural Health Outreach, High-Risk Pregnancy Support",15.923553,79.006665,100.0
NGO_225,Nizamabad,Telangana,"NGO working on immunization programs, breastfeeding & nutrition across rural and semi-urban communities.","Immunization Programs, Breastfeeding & Nutrition",16.303545,81.987503,0.0
NGO_226,Kurnool,Andhra Pradesh,"NGO working on community midwife training, rural health outreach across rural and semi-urban communities.","Community Midwife Training, Rural Health Outreach",16.714636,81.966814,100.0
NGO_227,Hyderabad,Telangana,"NGO working on community midwife training, high-risk pregnancy support across rural and semi-urban communities.","Community Midwife Training, High-Risk Pregnancy Support",18.346374,80.556939,100.0
NGO_228,Eluru,Andhra Pradesh,"NGO working on immunization programs, telemedicine services across rural and semi-urban communities.","Immunization Programs, Telemedicine Services",17.612421,80.175828,0.0
NGO_229,Warangal,Telangana,"NGO working on maternal health, high-risk pregnancy support across rural and semi-urban communities.","Maternal Health, High-Risk Pregnancy Support",15.896413,80.233876,100.0
NGO_230,Visakhapatnam,Andhra Pradesh,"NGO working on community midwife training, maternal health across rural and semi-urban communities.","Community Midwife Training, Maternal Health",16.83514,80.498487,100.0
NGO_231,Karimnagar,Telangana,"NGO working on rural health outreach, maternal health across rural and semi-urban communities.","Rural Health Outreach, Maternal Health",16.599625,80.174155,100.0
NGO_232,Kurnool,Andhra Pradesh,"NGO working on maternal health, rural health outreach across rural and semi-urban communities.","Maternal Health, Rural Health Outreach",16.322753,78.035452,100.0
NGO_233,Khammam,Telangana,"NGO working on immunization programs, high-risk pregnancy support across rural and semi-urban communities.","Immunization Programs, High-Risk Pregnancy Support",18.038537,81.201942,100.0
NGO_234,Nellore,Andhra Pradesh,"NGO working on telemedicine services, breastfeeding & nutrition across rural and semi-urban communities.","Telemedicine Services, Breastfeeding & Nutrition",18.252454,79.244455,0.0
NGO_235,Nizamabad,Telangana,"NGO working on telemedicine services, immunization programs across rural and semi-urban communities.","Telemedicine Services, Immunization Programs",18.017055,81.34091,0.0
NGO_236,Eluru,Andhra Pradesh,"NGO working on community midwife training, neonatal care across rural and semi-urban communities.","Community Midwife Training, Neonatal Care",16.011246,79.683949,100.0
NGO_237,Karimnagar,Telangana,"NGO working on breastfeeding & nutrition, maternal health across rural and semi-urban communities.","Breastfeeding & Nutrition, Maternal Health",15.611153,78.216881,93.0
NGO_238,Eluru,Andhra Pradesh,"NGO working on community midwife training, neonatal care across rural and semi-urban communities.","Community Midwife Training, Neonatal Care",16.695266,81.73645,100.0
NGO_239,Warangal,Telangana,"NGO working on high-risk pregnancy support, neonatal care across rural and semi-urban communities.","High-Risk Pregnancy Support, Neonatal Care",15.022072,81.646582,100.0
NGO_240,Kurnool,Andhra Pradesh,"NGO working on high-risk pregnancy support, breastfeeding & nutrition across rural and semi-urban communities.","High-Risk Pregnancy Support, Breastfeeding & Nutrition",18.365649,80.955857,100.0
NGO_241,Nizamabad,Telangana,"NGO working on neonatal care, immunization programs across rural and semi-urban communities.","Neonatal Care, Immunization Programs",16.320458,78.751378,100.0
NGO_242,Nellore,Andhra Pradesh,"NGO working on community midwife training, rural health outreach across rural and semi-urban communities.","Community Midwife Training, Rural Health Outreach",18.235104,81.821045,100.0
NGO_243,Warangal,Telangana,"NGO working on rural health outreach, neonatal care across rural and semi-urban communities.","Rural Health Outreach, Neonatal Care",17.552681,80.913586,100.0
NGO_244,Visakhapatnam,Andhra Pradesh,"NGO working on rural health outreach, high-risk pregnancy support across rural and semi-urban communities.","Rural Health Outreach, High-Risk Pregnancy Support",16.477052,80.072532,100.0
NGO_245,Khammam,Telangana,"NGO working on breastfeeding & nutrition, immunization programs across rural and semi-urban communities.","Breastfeeding & Nutrition, Immunization Programs",17.71468,78.633049,0.0
NGO_246,Visakhapatnam,Andhra Pradesh,"NGO working on telemedicine services, immunization programs across rural and semi-urban communities.","Telemedicine Services, Immunization Programs",17.980003,79.335973,0.0
NGO_247,Hyderabad,Telangana,"NGO working on breastfeeding & nutrition, neonatal care across rural and semi-urban communities.","Breastfeeding & Nutrition, Neonatal Care",17.778549,79.837727,100.0
NGO_248,Eluru,Andhra Pradesh,"NGO working on neonatal care, high-risk pregnancy support across rural and semi-urban communities.","Neonatal Care, High-Risk Pregnancy Support",15.570153,78.191346,100.0
NGO_249,Nizamabad,Telangana,"NGO working on telemedicine services, immunization programs across rural and semi-urban communities.","Telemedicine Services, Immunization Programs",17.314032,81.580208,0.0
NGO_250,Kurnool,Andhra Pradesh,"NGO working on maternal health, community midwife training across rural and semi-urban communities.","Maternal Health, Community Midwife Training",15.853557,81.517607,100.0
NGO_251,Khammam,Telangana,"NGO working on immunization programs, maternal health across rural and semi-urban communities.","Immunization Programs, Maternal Health",16.488517,81.885328,100.0
NGO_252,Eluru,Andhra Pradesh,"NGO working on telemedicine services, maternal health across rural and semi-urban communities.","Telemedicine Services, Maternal Health",18.304028,79.495962,100.0
NGO_253,Khammam,Telangana,"NGO working on high-risk pregnancy support, community midwife training across rural and semi-urban communities.","High-Risk Pregnancy Support, Community Midwife Training",18.314802,78.459186,100.0
NGO_254,Nellore,Andhra Pradesh,"NGO working on rural health outreach, immunization programs across rural and semi-urban communities.","Rural Health Outreach, Immunization Programs",17.018099,79.206731,0.0
NGO_255,Hyderabad,Telangana,"NGO working on maternal health, immunization programs across rural and semi-urban communities.","Maternal Health, Immunization Programs",16.66601,81.276985,100.0
NGO_256,Eluru,Andhra Pradesh,"NGO working on neonatal care, community midwife training across rural and semi-urban communities.","Neonatal Care, Community Midwife Training",16.191329,80.890357,100.0
NGO_257,Warangal,Telangana,"NGO working on telemedicine services, maternal health across rural and semi-urban communities.","Telemedicine Services, Maternal Health",17.24764,78.003872,100.0
NGO_258,Guntur,Andhra Pradesh,"NGO working on neonatal care, maternal health across rural and semi-urban communities.","Neonatal Care, Maternal Health",15.438218,81.320471,100.0
NGO_259,Nizamabad,Telangana,"NGO working on maternal health, rural health outreach across rural and semi-urban communities.","Maternal Health, Rural Health Outreach",17.841189,80.138892,100.0
NGO_260,Visakhapatnam,Andhra Pradesh,"NGO working on rural health outreach, community midwife training across rural and semi-urban communities.","Rural Health Outreach, Community Midwife Training",18.275678,79.636634,100.0
NGO_261,Nizamabad,Telangana,"NGO working on neonatal care, maternal health across rural and semi-urban communities.","Neonatal Care, Maternal Health",16.884212,81.168153,100.0
NGO_262,Nellore,Andhra Pradesh,"NGO working on high-risk pregnancy support, community midwife training across rural and semi-urban communities.","High-Risk Pregnancy Support, Community Midwife Training",15.588784,81.191777,100.0
NGO_263,Warangal,Telangana,"NGO working on breastfeeding & nutrition, immunization programs across rural and semi-urban communities.","Breastfeeding & Nutrition, Immunization Programs",18.217271,80.115262,0.0
NGO_264,Kurnool,Andhra Pradesh,"NGO working on telemedicine services, maternal health across rural and semi-urban communities.","Telemedicine Services, Maternal Health",15.825674,80.994234,100.0
NGO_265,Hyderabad,Telangana,"NGO working on rural health outreach, breastfeeding & nutrition across rural and semi-urban communities.","Rural Health Outreach, Breastfeeding & Nutrition",15.739533,78.369719,0.0
NGO_266,Visakhapatnam,Andhra Pradesh,"NGO working on immunization programs, neonatal care across rural and semi-urban communities.","Immunization Programs, Neonatal Care",16.589939,78.143675,100.0
NGO_267,Khammam,Telangana,"NGO working on neonatal care, high-risk pregnancy support across rural and semi-urban communities.","Neonatal Care, High-Risk Pregnancy Support",17.028286,81.732007,100.0
NGO_268,Visakhapatnam,Andhra Pradesh,"NGO working on maternal health, telemedicine services across rural and semi-urban communities.","Maternal Health, Telemedicine Services",17.387988,78.761896,99.0
NGO_269,Karimnagar,Telangana,"NGO working on neonatal care, community midwife training across rural and semi-urban communities.","Neonatal Care, Community Midwife Training",17.199134,80.037972,100.0
NGO_270,Visakhapatnam,Andhra Pradesh,"NGO working on immunization programs, neonatal care across rural and semi-urban communities.","Immunization Programs, Neonatal Care",18.120493,79.486872,100.0
NGO_271,Khammam,Telangana,"NGO working on rural health outreach, telemedicine services across rural and semi-urban communities.","Rural Health Outreach, Telemedicine Services",15.634127,80.005705,1.0
NGO_272,Kurnool,Andhra Pradesh,"NGO working on rural health outreach, telemedicine services across rural and semi-urban communities.","Rural Health Outreach, Telemedicine Services",15.174679,78.164703,1.0
NGO_273,Karimnagar,Telangana,"NGO working on immunization programs, maternal health across rural and semi-urban communities.","Immunization Programs, Maternal Health",15.425249,79.86788,100.0
NGO_274,Visakhapatnam,Andhra Pradesh,"NGO working on neonatal care, community midwife training across rural and semi-urban communities.","Neonatal Care, Community Midwife Training",17.800765,79.705782,100.0
NGO_275,Hyderabad,Telangana,"NGO working on high-risk pregnancy support, community midwife training across rural and semi-urban communities.","High-Risk Pregnancy Support, Community Midwife Training",16.67654,80.510471,100.0
NGO_276,Nellore,Andhra Pradesh,"NGO working on neonatal care, telemedicine services across rural and semi-urban communities.","Neonatal Care, Telemedicine Services",16.206346,80.197994,98.0
NGO_277,Nizamabad,Telangana,"NGO working on immunization programs, high-risk pregnancy support across rural and semi-urban communities.","Immunization Programs, High-Risk Pregnancy Support",15.402626,78.557174,100.0
NGO_278,Nellore,Andhra Pradesh,"NGO working on maternal health, breastfeeding & nutrition across rural and semi-urban communities.","Maternal Health, Breastfeeding & Nutrition",17.796417,79.074616,100.0
NGO_279,Hyderabad,Telangana,"NGO working on high-risk pregnancy support, community midwife training across rural and semi-urban communities.","High-Risk Pregnancy Support, Community Midwife Training",17.604984,80.839761,100.0
NGO_280,Kurnool,Andhra Pradesh,"NGO working on community midwife training, rural health outreach across rural and semi-urban communities.","Community Midwife Training, Rural Health Outreach",17.761293,80.533156,100.0
NGO_281,Nizamabad,Telangana,"NGO working on breastfeeding & nutrition, high-risk pregnancy support across rural and semi-urban communities.","Breastfeeding & Nutrition, High-Risk Pregnancy Support",16.795419,78.875375,100.0
NGO_282,Nellore,Andhra Pradesh,"NGO working on high-risk pregnancy support, breastfeeding & nutrition across rural and semi-urban communities.","High-Risk Pregnancy Support, Breastfeeding & Nutrition",16.045064,81.717147,100.0
NGO_283,Khammam,Telangana,"NGO working on high-risk pregnancy support, telemedicine services across rural and semi-urban communities.","High-Risk Pregnancy Support, Telemedicine Services",18.354729,79.947831,100.0
NGO_284,Guntur,Andhra Pradesh,"NGO working on community midwife training, neonatal care across rural and semi-urban communities.","Community Midwife Training, Neonatal Care",15.79171,81.608265,100.0
NGO_285,Khammam,Telangana,"NGO working on neonatal care, immunization programs across rural and semi-urban communities.","Neonatal Care, Immunization Programs",17.780989,79.443573,100.0
NGO_286,Guntur,Andhra Pradesh,"NGO working on community midwife training, breastfeeding & nutrition across rural and semi-urban communities.","Community Midwife Training, Breastfeeding & Nutrition",16.018872,80.062717,98.0
NGO_287,Hyderabad,Telangana,"NGO working on rural health outreach, maternal health across rural and semi-urban communities.","Rural Health Outreach, Maternal Health",16.977238,80.867202,100.0
NGO_288,Nellore,Andhra Pradesh,"NGO working on immunization programs, rural health outreach across rural and semi-urban communities.","Immunization Programs, Rural Health Outreach",15.775856,81.809048,0.0
NGO_289,Khammam,Telangana,"NGO working on maternal health, community midwife training across rural and semi-urban communities.","Maternal Health, Community Midwife Training",17.531161,78.326525,100.0
NGO_290,Visakhapatnam,Andhra Pradesh,"NGO working on rural health outreach, maternal health across rural and semi-urban communities.","Rural Health Outreach, Maternal Health",15.580049,78.716315,100.0
NGO_291,Hyderabad,Telangana,"NGO working on breastfeeding & nutrition, rural health outreach across rural and semi-urban communities.","Breastfeeding & Nutrition, Rural Health Outreach",16.926651,78.302528,10.0
NGO_292,Kurnool,Andhra Pradesh,"NGO working on immunization programs, neonatal care across rural and semi-urban communities.","Immunization Programs, Neonatal Care",17.004508,78.937442,100.0
NGO_293,Nizamabad,Telangana,"NGO working on rural health outreach, breastfeeding & nutrition across rural and semi-urban communities.","Rural Health Outreach, Breastfeeding & Nutrition",17.992523,79.470519,0.0
NGO_294,Kurnool,Andhra Pradesh,"NGO working on high-risk pregnancy support, community midwife training across rural and semi-urban communities.","High-Risk Pregnancy Support, Community Midwife Training",15.901959,81.70695,100.0
NGO_295,Karimnagar,Telangana,"NGO working on maternal health, neonatal care across rural and semi-urban communities.","Maternal Health, Neonatal Care",17.913217,81.425213,100.0
NGO_296,Eluru,Andhra Pradesh,"NGO working on rural health outreach, neonatal care across rural and semi-urban communities.","Rural Health Outreach, Neonatal Care",15.046306,79.396969,100.0
NGO_297,Nizamabad,Telangana,"NGO working on maternal health, immunization programs across rural and semi-urban communities.","Maternal Health, Immunization Programs",15.623889,78.233338,100.0
NGO_298,Kurnool,Andhra Pradesh,"NGO working on maternal health, breastfeeding & nutrition across rural and semi-urban communities.","Maternal Health, Breastfeeding & Nutrition",15.583373,80.880538,100.0
NGO_299,Warangal,Telangana,"NGO working on breastfeeding & nutrition, high-risk pregnancy support across rural and semi-urban communities.","Breastfeeding & Nutrition, High-Risk Pregnancy Support",16.695859,78.902184,100.0
NGO_300,Visakhapatnam,Andhra Pradesh,"NGO working on high-risk pregnancy support, community midwife training across rural and semi-urban communities.","High-Risk Pregnancy Support, Community Midwife Training",18.070171,78.10793,100.0
